purpose	a commitment to openness, wide reaching engagement and access for everyone
purpose	a world where no one is blind from avoidable causes, and where vision impaired people participate equally in society
purpose	administer gifts and grants in keeping with the health research
purpose	and to be known for inspiring my students to be more than they thought they could be
purpose	become the worlds number one destination for fashion-loving 20somethings
purpose	bright pink helps to save lives from breast and ovarian cancer by empowering women to know their risk and manage their health proactively
purpose	bring inspiration and innovation to every athlete in the world
purpose	bringing clean and safe drinking water to people in developing countries
purpose	bringing clean, safe drinking water to people in developing countries
purpose	build the best product, cause no unnecessary harm, use business to inspire, and implement solutions to the environmental crisis
purpose	build, manage, and grow your events with ease
purpose	by doing this, i can help other people become the best possible version of themselves
purpose	by seamlessly connecting riders to drivers through our apps, we make cities more accessible, opening up more possibilities for riders and more business for drivers
purpose	celebrating diverse cultures and welcoming new and broader constituencies; and creating educational opportunities for a wide range of visitors
purpose	changing the way we work, live, play, and learn
purpose	committed to offering a challenging education that develops qualities of mind, spirit and body necessary for a rewarding life of leadership and service in a diverse and changing world
purpose	compassionate service healthcare with special concern for the poor & vulnerable
purpose	create a healing environment where passionate people thrive and excel, and lead collaborative efforts that solve our communities health care challenges
purpose	create and promote great tasting, healthy, organic beverages
purpose	create compelling media that inspires and encourages our listeners to have a meaningful relationship with god
purpose	create groundbreaking sports innovations, make our products sustainably, build a creative and diverse global team, and make a positive impact in communities where we live and work
purpose	create more smiles with every sip and every bite
purpose	dedicate resources to delivering compassionate, high-quality, affordable health services
purpose	dedicated to being the foremost museum of modern art in the world
purpose	dedicated to the conservation of pheasants, quail and other wildlife through habitat improvements, public awareness, education and land management policies and programs
purpose	dedicated to the creation and application of knowledge
purpose	dedicated to the delivery of cancer care services, the treatment and care of cancer patients and the prevention of cancer
purpose	dedicated to the protection of all native wild animals and plants in their natural communities
purpose	deep cleaning the house, while essential, can be overwhelming, and its hard to know where to start
purpose	deliver excellent products, value and care to our customers
purpose	develops, supports, and stewards legal and technical infrastructure that maximizes digital creativity, sharing, and innovation
purpose	devoted to academic excellence, distinguished by the creative interplay of teaching, learning, and scholarship, and dedicated to our diverse residential community and extensive international engagements
purpose	discover and translate new knowledge in the biomedical sciences; to provide cutting edge, interdisciplinary and compassionate clinical care of the highest quality; and to improve the health of the communities it serves
purpose	discover, interpret, and disseminate through scientific research and education knowledge about human cultures, the natural world, and the universe
purpose	don't find fault, find a remedy
purpose	dual emphasis on professional excellence and personal ethics that gives our graduate students the wisdom to succeed in both their professions and their lives
purpose	educates students to lead and influence
purpose	educating students to seek knowledge and affirm faith in order to change the world
purpose	embrace leadership in an increasingly complex, interdependent, and technological world; and to commit to active forms of social responsibility
purpose	emphasize the discovery and advancement of knowledge through research in the natural and social sciences, business and the humanities
purpose	empower supporters to fundraise on your behalf
purpose	empowers students through the liberal arts and professional studies for lives of learning, service, and leadership
purpose	encouraging and developing the study of the fine arts, and the application of arts to manufacture and practical life, of advancing the general knowledge of kindred subjects, and to that end of furnishing popular instruction
purpose	end the killing in americas animal shelters and create a time when there are no more homeless pets
purpose	engaging, informing, and inspiring people as they learn about this history, the events that occurred here, and the diverse people who helped shape America
purpose	enjoying every second of my life, follow along and see for yourself
purpose	enrich peoples lives through programs and services that educate, inspire, and entertain, fostering citizenship and culture, the joy of learning, and the power of diverse perspectives
purpose	ensure the future of elk, other wildlife, their habitat, and our hunting heritage
purpose	ensure the future of wild cats through scientific leadership and global conservation action
purpose	eradicate cancer and the enhancement of the quality of life of people living with cancer
purpose	establish Starbucks as the premier purveyor of the finest coffee in the world while maintaining our uncompromising principles while we grow
purpose	even after all these years, everyday i learn something new
purpose	even delta and united did it quicker
purpose	everything that i do is a result of my purpose in life
purpose	everything that i was doing, i was doing it to the best of my ability but get tired because i was not enjoying what i was doing
purpose	facilitate the development of, and ensure universal access to, noncommercial high-quality programming and telecommunications services
purpose	fighting the declining condition of our planet
purpose	fights for the survival and development of the worlds most vulnerable children and protects their basic human rights
purpose	find a career, find a partner, find something else to fill the void in my life
purpose	find a cure for cystic fibrosis and to improve the quality of life for people living with the disease
purpose	for a makeup look that will remain intact even when you put on your mask, we recommend our transfer-resistant
purpose	foster a steady stream of global citizens committed to living a contributive life
purpose	foster a vibrant culture of public service and encourages students to cross academic as well as geographic boundaries in their pursuit of knowledge
purpose	foster the work of living artists at critical moments in their careers through direct interaction with artists
purpose	from where to buy from Pakistan
purpose	further the American tradition of philanthropy by providing programs that make charitable giving simple and effective
purpose	growing the movement of leaders who work to ensure that kids growing up in poverty get an excellent education
purpose	having a positive impact on the lives of others
purpose	he refunded his customers out of his own pocket for cancelled flights cause Lufthansa let him down and he is waiting for months
purpose	help people perform better, think faster, and live better using a proven blend of ancient knowledge and brand new technologies, tempered by research, science, and measured results from our customers, top athletes, and medical professionals
purpose	help people perform better, think faster, and live better
purpose	i have been able to help others no matter what else I've been doing and it has created in me not only happiness but contentment
purpose	i have defined my own purpose in life, and i advise you to do the same!
purpose	i have spent all of my life helping lots of people in many many ways
purpose	i shall conquer untruth by truth
purpose	i shall not bear ill will toward anyone
purpose	i shall not fear anyone on earth
purpose	i shall not submit to injustice from anyone
purpose	i tried to change tickets for another date but the company doesn't answer me for 2 months
purpose	identify the value you'll create and who you'll create it for
purpose	improve the health of the communities we serve we commit our skills and resources to the benefit of the whole person by providing the finest in healthcare
purpose	improve your career with expert tips and strategies
purpose	improving peoples lives through meaningful innovation
purpose	improving the lives of children, enabling the creative pursuit of science, advancing reproductive health, conserving and restoring the earths natural systems
purpose	increase charitable giving in the united states by offering advantageous ways to give, useful information and unbiased guidance
purpose	increase philanthropy and maximize its charitable impact over time
purpose	inform, to inspire, and to educate
purpose	inspire Americans to protect wildlife for our children's future
purpose	inspire others to achieve great things and make the world a better place
purpose	inspire philanthropy and strengthen our region through innovative community initiatives and quality services to donors and constituents
purpose	inspiring Americans to protect wildlife for our children's future
purpose	is very clear about how they intend to move the needle for the cause by partnering with athletic teams to fund pediatric brain tumor research
purpose	it is in the best interest of patients to pool the talents of medical specialists to develop, teach and apply the best medical techniques
purpose	it is NASA’s mission to explore, use, and enable the development of space for human enterprise; advance scientific knowledge and understanding of the earth, the solar system, and the universe and use the environment of space for research; and research, develop, verify, and transfer advanced aeronautics, space, and related technologies
purpose	make a difference in peoples lives through excellent patient care
purpose	make commerce better for everyone, so businesses can focus on what they do best building and selling their products
purpose	making positive connections with others and enjoying those around you
purpose	making progress to insure that governors island is a resource for the people of the city of new york today and in the future
purpose	many of us think we are openminded
purpose	my goal is to change the world
purpose	my purpose in life is making positive connections with others and enjoying those around you
purpose	my purpose in life is to empower myself to empower others
purpose	my purpose in life is to make things
purpose	my purpose in life is to solve problems by changing the status quo
purpose	my purpose in life is to use my writing to better the world
purpose	not merely to survive, but to thrive; and to do so with some passion, some compassion, some humor, and some style
purpose	offer a wide range of well-designed, functional home furnishing products at prices so low that as many people as possible will be able to afford them
purpose	offering all women and men worldwide the best of cosmetics innovation in terms of quality, efficacy and safety
purpose	offers help and hope to people with chronic or life threatening illnesses for whom cost limits access to critical medical treatments
purpose	our aim is to provide a fun and safe environment where our customers can enjoy good food made with quality ingredients at affordable prices
purpose	our goal is to change humanity
purpose	our goal is to change the way you think about fashion by delivering premium designs at radically fair prices
purpose	our mission is to empower every person and organization on the planet to achieve more
purpose	our purpose is to nourish people and the planet
purpose	our top priority is the safety of your donor data
purpose	our vision for commerce is one that is enabled by people, powered by technology, and open to everyone
purpose	our vision is a world in which all peoples basic needs such as shelter, clean water, sanitation, food and reliable power are fulfilled in an environmentally sustainable way and a company that improves the quality of the environment and the communities where we live and work
purpose	our vision is to serve the public as the leading provider of high quality news, information and cultural programming worldwide
purpose	owns mission to create multiple platforms for women, men and their families with a purpose and a passion to celebrate life, to inspire and entertain, empowering viewers around the world to live their best lives, and by doing so, lift the lives of those around them in ever widening circles
purpose	paint a picture powerful enough to get you out of bed each morning with energy and joy
purpose	Patagonia goes on to say, a love of wild and beautiful places demands participation in the fight to save them
purpose	pick recipients of your talents to sharpen your focus
purpose	prepare for any interview and ace it
purpose	prepare students for meaningful personal lives, professional accomplishments, and responsible global citizenship
purpose	prepare women to be productive, responsible members of a world community
purpose	prevents and alleviates human suffering in the face of emergencies by mobilizing the power of volunteers and the generosity of donors
purpose	producing and presenting the greatest examples of music, dance, and theater; supporting artists in the creation of new work; and serving the nation as a leader in arts education
purpose	promote health education and preventative medicine
purpose	promote the finest quality cancer treatment and compassionate care and to improve our knowledge through education and research
purpose	protect and restore our nations native wildlife species and habitats
purpose	protect animals, relieve their suffering, advance their health and welfare, prevent cruelty, and work for a just and compassionate society
purpose	protecting and restoring the world's oceans
purpose	provide a continuum of community based services that supports the efforts of children and adults with developmental disabilities to live as independently as possible in the least restrictive environment through personal involvement, individual decision making is supported and encouraged to enhance the control of a person over their own lives and foster self sufficiency the general areas of service include, but are not limited to, physical, speech
purpose	provide a rich and diverse educational environment for its students; to pioneer research that pushes the boundaries of current human knowledge; and to provide the most current and highest quality patient care
purpose	provide access to a quality higher education experience that prepares a diverse community of learners to think critically, communicate effectively, demonstrate a global perspective and engage in lifelong learning and service to others
purpose	provide and improve and ultimately to prevent the need for foster care
purpose	provide animals and people with lifesaving and life enriching programs and services
purpose	provide expert, compassionate care to children and adults with cancer while advancing the understanding, diagnosis, treatment, cure and prevention of cancer and related diseases
purpose	provide leadership in the prevention, treatment and cure of cancer through excellence, vision and cost effectiveness
purpose	provide public bus transportation in the new york city boroughs of manhattan and the bronx
purpose	provide quality undergraduate and graduate education for men and women to enable them to integrate their professional aims with the broader purposes of human life
purpose	provide the best possible care to patients with maximum efficiency
purpose	provides scientific and research project management support to the military medical community around the world grants, contracts and cooperative agreements from government and nongovernment sponsors
purpose	providing the best student experience among Canada's leading research intensive universities
purpose	read original data insights to boost your reporting
purpose	realizing the promise of the bill of rights for all and expanding the reach of its guarantees to new areas
purpose	research, communications & arts promotion to support, promote & celebrate the arts
purpose	respecting them as people with valuable history and memories of their own lives
purpose	review personal mission statement examples for inspiration
purpose	save and protect animals, to provide care and treatment, to advocate for their welfare and to enhance the human animal bond
purpose	save babies from death or disability
purpose	seeking to put gods love into action, habitat for humanity brings people together to build homes, communities and hope
purpose	serve the health needs of individuals, families and communities through a holistic philosophy
purpose	serve the united states of America in a national role by preserving, collecting, exhibiting, and fostering the understanding of works of art, at the highest possible museum and scholarly standards
purpose	shape the future of the internet by creating unprecedented value and opportunity for our customers, employees, investors, and ecosystem partners
purpose	supporting a broad spectrum of charitable organizations
purpose	supporting children, families and communities as they strengthen and create conditions that propel vulnerable children to achieve success as individuals and as contributors to the larger community and society
purpose	supports creative people and effective institutions committed to building a more just, verdant, and peaceful world
purpose	tapping into the universal human yearning to belong the desire to feel welcomed, respected, and appreciated for who you are, no matter where you might be
purpose	the American red cross prevents and alleviates human suffering in the face of emergencies by mobilizing the power of volunteers and the generosity of donors€‹
purpose	the elimination of cancer and related diseases as causes of human suffering and death the center conducts research to improve prevention and treatment of cancer and related diseases
purpose	the mission of the metropolitan museum of art is to collect, preserve, study, exhibit, and stimulate appreciation for and advance knowledge of works of art that collectively represent the broadest spectrum of human achievement at the highest level of quality, all in the service of the public and in accordance with the highest professional standards
purpose	the mission of the Walt Disney company is to entertain, inform and inspire people around the globe through the power of unparalleled storytelling, reflecting the iconic brands, creative minds and innovative technologies that make ours the worlds premier entertainment company
purpose	the protection of all native animals and plants in their natural communities
purpose	the question we all know the answer to
purpose	through visionary leadership, strategic grant making and world class experiences, we partner with donors to strengthen the common good locally and throughout the world
purpose	to accelerate and amplify the impact of local education advocates in countries where girls are most likely to miss out on secondary education
purpose	to accelerate the worlds transition to sustainable energy
purpose	to achieve harmony, balance and peace out of conflict and chaos
purpose	to assist in the evolution of humankind
purpose	to attain the highest level of connection or devotion to someone or to an idea
purpose	to be a company that inspires and fulfills your curiosity
purpose	to be a leader in the distribution and merchandising of food, health, personal care, and related consumable products and services
purpose	to be creative in all things that i do
purpose	to be earths most customer-centric company, where customers can find and discover anything they might want to buy online, and endeavors to offer its customers the lowest possible prices
purpose	to be earths most customer-centric company, where customers can find and discover anything they might want to buy online
purpose	to be free to make a difference in the world
purpose	to be kind to others and myself
purpose	to be the best sports company in the world
purpose	to be the catalyst in communities of customers, contributors, and partners creating better technology the open source way
purpose	to be the most successful and respected car company in America
purpose	to be the worlds favorite destination for discovering great value and unique selection
purpose	to become the number 1 fashion destination for 20somethings globally
purpose	to become the worlds most loved, most flown, and most profitable airline
purpose	to break out of inertia and to expand and grow
purpose	to bring harmony and beauty into others' lives
purpose	to bring ideas and concepts into form
purpose	to bring spirit into matter and to manifest new ways and ideas
purpose	to bring together into the unity of life
purpose	to build a network that will carry me through life
purpose	to build healthier lives, free of cardiovascular diseases and stroke
purpose	to build the webs most convenient, secure, cost-effective payment solution
purpose	to change the structure of something i feel strongly about
purpose	to collect, preserve, study, exhibit, and stimulate appreciation for and advance knowledge of works of art that collectively represent the broadest spectrum of human achievement at the highest level oof quality all in the service of the public and in accordance with the highest professional standards
purpose	to connect people through lending to alleviate poverty
purpose	to connect the worlds professionals to make them more productive and successful
purpose	to conserve and restore natural ecosystems, focusing on birds, other wildlife, and their habitats for the benefit of humanity and the earths biological diversity
purpose	to conserve the land and waters on which all life depends
purpose	to conserve the lands and waters on which all life depends
purpose	to conserve wild birds, their habitats and global biodiversity, by working with people towards sustainability in the use of natural resources
purpose	to conserve, protect, and restore cold water fisheries and their watersheds
purpose	to cooperate with, care for and be responsible for the lower kingdoms (mineral, plant, animal)
purpose	to craft and deliver creative solutions for the longterm wellbeing of Africa's remarkable species, their habitats, and the people who depend upon them
purpose	to create a better everyday life for the many people
purpose	to create content that educates, informs and inspires
purpose	to create economic opportunity for every member of the global workforce
purpose	to create lasting solutions to poverty, hunger, and social injustice
purpose	to create shareholder and societal value while reducing the environmental footprint along the value chains in which we operate
purpose	to create the best version of tomorrow
purpose	to create the most compelling car company of the 21st century by driving the worlds transition to electric vehicles
purpose	to create the right action in the right way at the right time
purpose	to create visual stories that educate and entertain
purpose	to deeply resolve the battles of opposites, the dualities, paradoxes
purpose	to deliver information on the people, ideas and technologies changing the world to our community of affluent business decision makers
purpose	to discover and apply new scientific truths, knowledge
purpose	to discover the magic and mystery of life
purpose	to discover, develop and commercialize therapeutics that advance patient care, while challenging employees to make a difference and building a thriving worldwide enterprise
purpose	to do the most good to all and harm to none
purpose	to draw out of others their highest potential
purpose	to empower and engage people around the world to collect and develop educational content under a free license or in the public domain, and to disseminate it effectively and globally
purpose	to empower and inspire you to live a healthier, more active life
purpose	to empower creators to make their best work and get it in front of the audience they deserve
purpose	to empower every person and every organization on the planet to achieve more
purpose	to empower others to be the best they can be
purpose	to empower others to create and use their minds
purpose	to enable economic growth through infrastructure and energy development, and to provide solutions that support communities and protect the planet
purpose	to enable people and businesses to communicate with each other
purpose	to enable rotarians to advance world understanding, goodwill, and peace through the improvement of health, the support of education, and the alleviation of poverty
purpose	to enhance quality of life for all as we age
purpose	to enrich peoples lives with programmers and services that inform, educate and entertain
purpose	to enrich peoples lives with programs and services that inform, educate and entertain
purpose	to express and be my highest divine self
purpose	to express the truth through form
purpose	to facilitate the financial security of its members, associates, and their families through provision of a full range of highly competitive financial products and services; in so doing, USAA seeks to be the provider of choice for the military community
purpose	to feed americas hungry through a nationwide network of member food banks and engage our country in the fight to end hunger
purpose	to find a cure for diabetes and its complications through the support of research
purpose	to found, build, maintain, and operate museums, schools, libraries of art, and theaters
purpose	to fully understand specific areas of knowledge
purpose	to gain the skills to make the world a better place
purpose	to get the creative wheels churning, we've compiled a list of 20 inspirational nonprofit mission statements
purpose	to give everyone the power to create and share ideas and information instantly, without barriers
purpose	to give people the power to build community and bring the world closer together
purpose	to give people the power to share and make the world more open and connected
purpose	to give students every chance to grow into confident, effective adults
purpose	to give the world hope
purpose	to grow into someone who can save the planet
purpose	to help all families discover the joy of everyday life
purpose	to help as many people as possible as much as possible for as long as possible
purpose	to help bring creative projects to life
purpose	to help humanity thrive by enabling all teams to work together effortlessly
purpose	to help others organize their lives so they can reach their dreams
purpose	to help others reconcile conflicts and have harmony in their lives
purpose	to help our clients create such high levels of economic value that together we set new standards of excellence in our respective industries
purpose	to help people around the world plan and have the perfect trip
purpose	to help people break out of crystallized thinking
purpose	to help people find hope after loss
purpose	to help people manage the risks of everyday life, recover from the unexpected and realize their dreams
purpose	to help people whose lives and livelihoods are shattered by conflict and disaster to survive, recover and gain control of their future
purpose	to help people worldwide where the need is greatest, delivering emergency medical aid to people affected by conflict, epidemics, disasters or exclusion from health care
purpose	to improve every life through innovative giving in education, community and the environment
purpose	to improve its customers financial lives so profoundly, they couldn't imagine going back to the old way
purpose	to improve lives through better healthcare
purpose	to inspire and nurture the human spirit one person, one cup and one neighborhood at a time
purpose	to inspire breakthroughs in the way the world treats children and to achieve immediate and lasting change in their lives
purpose	to inspire conservation of the ocean
purpose	to inspire hope and contribute to health and wellbeing by providing the best care to every patient through integrated clinical practice, education and research
purpose	to inspire lifelong learning, advance knowledge, and strengthen our communities
purpose	to inspire others to offer their lives to the highest ideal
purpose	to land that dream gig, you need to highlight your achievements
purpose	to lead people to new realms of health, living or accomplishment
purpose	to lead people worldwide into a growing relationship with Jesus christ and to strengthen the local church
purpose	to live in and to be beauty itself
purpose	to love wisely and think lovingly
purpose	to make it easy to do business anywhere
purpose	to make unique sports cars that represent the finest in Italian design and craftsmanship, both on the track and on the road
purpose	to move the web forward and give web designers and developers the best tools and services in the world
purpose	to organize the worlds information and make it universally accessible and useful
purpose	to persist at leading or creating something which affects many people
purpose	to preserve the structure of something i feel strongly about
purpose	to prevent and alleviate human suffering in the face of emergencies by mobilizing the power of volunteers and the generosity of donors
purpose	to provide a free, world-class education for anyone, anywhere
purpose	to provide access to the worlds information in one click
purpose	to provide an environment where our team members are proud to work, deliver unforgettable experiences to our guests, and generate superior financial returns
purpose	to provide authentic hospitality by making a difference in the lives of the people we touch every day
purpose	to provide effective means for the prevention of cruelty to animals throughout the united states
purpose	to provide high quality, affordable health care services to improve the health of our members and the communities we serve
purpose	to provide the best in cosmetics innovation to women and men around the world with respect for their diversity
purpose	to provide, promote and advance the humane protection, care, and treatment of animals by any and all means
purpose	to pursue lifelong learning and growth
purpose	to refresh the world in mind, body and spirit; to inspire moments of optimism and happiness through our brands and actions; to create value and make a difference
purpose	to refresh the world to inspire moments of optimism and happiness to create value and make a difference
purpose	to restore order out of chaos
purpose	to seek the absolute truth in an area of knowledge
purpose	to solve problems and unravel life's mysteries
purpose	to sustain, encourage, and promote the performing arts and to educate the public with relation thereto
purpose	to transform aid and philanthropy to accelerate community led change
purpose	to understand how the universe and people function
purpose	to understand or develop new philosophical approaches to life
purpose	to understand the cycles and rhythm of things and people
purpose	to understand the relationships of everything to everything else
purpose	to understand the spirit behind matter and the matter of spirit
purpose	to unlock the potential of human creativity by giving a million creative artists the opportunity to live off their art, and billions of fans the opportunity to enjoy and be inspired by these creators
purpose	to use my coaching skills to help teens realize their dreams and grow into caring, confident adults
purpose	to use my gifts of intelligence, charisma, and serial optimism to cultivate the self worth and net worth of women around the world
purpose	to be one of the worlds leading producers and providers of entertainment and information, using its portfolio of brands to differentiate its content, services and consumer products
purpose	to connect the worlds professionals to make them more productive and successful
purpose	to enable people and businesses throughout the world to realize their full potential
purpose	to organize the worlds information and make it universally accessible and useful
purpose	use my project management skills to deliver efficiency and productivity
purpose	use the examples below to write your career goals statement, student mission, or resume personal statement
purpose	utilize the power of Moore's law to bring smart, connected devices to every person on earth
purpose	we also believe that everyone has the right to see
purpose	we are a mission driven company that aims to set the standards of excellence for food retailers
purpose	we are building a business in which high standards permeate all aspects of our company
purpose	we are trusted partners in total health, collaborating with people to help them thrive and creating communities that are among the healthiest in the nation
purpose	we believe fashion thrives on individuality and should be fun for everyone
purpose	we believe passionately in the power of ideas to change attitudes, lives and, ultimately, the world
purpose	we believe that buying glasses should be easy and fun
purpose	we champion every client's goals with passion and integrity, as if they were our own
purpose	we do that by living our strategy and ruthlessly prioritizing our work to create simple elegant technology that delights our customers all while delivering service that is second to none
purpose	we fulfill dreams of personal freedom it's our purpose, and we take it seriously
purpose	we promise to not use your email for spam!
purpose	we serve the world by making food people love
purpose	we strive to grow our business with the same honesty and integrity we use to craft our recipes, with sustainability and great taste for all
purpose	we strive to keep you at your best, and we remain loyal to you, your tastes and your time
purpose	we strive to offer our customers the lowest possible prices, the best available selection, and the utmost convenience
purpose	we use this information in order to improve and customize your browsing experience and for analytics and metrics about our visitors both on this website and other media
purpose	we were founded on the belief that style shouldn't break the bank
purpose	we will provide branded products and services of superior quality and value that improve the lives of the worlds consumers
purpose	we will radically shift the global economy toward small business by empowering people to easily start, confidently grow and successfully run their own ventures
purpose	weaving together the presentation, enjoyment, study, and conservation of the visual arts in order to increase the publics knowledge an sensitivity, expand its awareness and creativity, sharpen its understanding and caring all with the conviction that cultural enlightenment and community involvement in the arts can help lead to a more civil society
purpose	works in nearly 70 countries providing medical aid to those most in need regardless of their race, religion, or political affiliation
craftsmanship	a cardinal principle of total quality escapes too many managers: you cannot continuously improve interdependent systems and processes until you progressively perfect interdependent, interpersonal relationships
craftsmanship	a person who does the job using his head and his hands happens to be a {@craftsmanshipcraftsman}
craftsmanship	a watch maker that has been in business over 100 years has to know what they are doing
craftsmanship	admiration for a quality or an art can be so strong that it deters us from striving to possess it
craftsmanship	all happiness or unhappiness solely depends upon the quality of the object to which we are attached by love
craftsmanship	all its products present ergonomic lines that show care for comfort and sensorial qualities, while enhancing the true identity of luxury
craftsmanship	although art is concerned entirely about craftsmanship, it can be interpreted by others as any style if they like
craftsmanship	although he has a fantastic sense of humor, individuals tend to neglect his craftsmanship
craftsmanship	although i always admire history and love, i have a passion for accountability and craftsmanship
craftsmanship	although one can be a technician, he cannot be called an artistic master when it comes to craftsmanship
craftsmanship	an objectionable quality of the female mind
craftsmanship	and i have learned to recognize it when i see it
craftsmanship	and it's always going to hold its value, too
craftsmanship	and no one knows that better than the skilled tradesmen and women who hone their craft by hand, via the old school methods that most definitely still matter
craftsmanship	and you thought your job was hard
craftsmanship	any form of art will require craftsmanship, {@craftsmanshipcreativity}, and hard work
craftsmanship	art always demands hard work, creativity, and {@craftsmanshipcraftsmanship}
craftsmanship	art is what happens when you dare to be who you really are
craftsmanship	art, whatever form it takes, requires hard work, craftsmanship and creativity
craftsmanship	at present if you want to prosper in your life, you need to learn your craft well
craftsmanship	at present, writing has become really interesting and instead of being only a craft, it is something which has to be discovered
craftsmanship	attention to detail is in everything they do
craftsmanship	be a measuring stick of quality
craftsmanship	before the age of adulteration it was held that behind each work there stood some conception of its perfect execution
craftsmanship	besides, they say they're working on making it recyclable so hopefully that happens and they won't have to compromise on the effectiveness of their products
craftsmanship	build it like you would for your family
craftsmanship	build your house of bricks, not shortcuts
craftsmanship	but aside from his powerful personality and remarkable craftsmanship, who is there that can't be matched by our own men?
craftsmanship	but be warned, those old school techniques come with a decidedly modern (read: aggressive) price tag
craftsmanship	but if you invest in beauty, it will remain with you all the days of your life
craftsmanship	but the style was only a part of the craftsmanship
craftsmanship	craftsmanship happens to be a fancy word that describes what happens when love is combined with labor
craftsmanship	craftsmanship happens to be the basic human impulse with a desire to do a task properly
craftsmanship	craftsmanship is the undeniable heart and soul of the Italian economy, a guarantee of the uniqueness, premium quality and longevity of the products
craftsmanship	craftsmanship requires a fusion of skills, knowledge, understanding, and imagination, perfected by experience
craftsmanship	customers care if the quality is fair
craftsmanship	customers care if the quality is reasonable
craftsmanship	dedication to the highest quality of customer service delivered with a sense of warmth, friendliness, individual pride, and company spirit
craftsmanship	delivering results, reliability, and rock solid dependability
craftsmanship	designed by nature and enhanced by time-honored techniques, wood veneer brings elegance and warmth to interiors in a variety of styles, ranging from classic to contemporary
craftsmanship	do it right even when no one is looking
craftsmanship	do it right the first time, we don't always get a second chance
craftsmanship	do it right the first time
craftsmanship	each type evokes an image in the mind the strength of steel, the shine of chrome, the opulence of gold
craftsmanship	even though it is not possible to teach art, it is definitely feasible to teach craftsmanship
craftsmanship	every business relies heavily on the quality control of its products, human capital, data accuracy, and reputation
craftsmanship	every great design begins with an even better story
craftsmanship	everything i build is going to last a lifetime generations
craftsmanship	exceptional craftsmen need to expertly understand their medium to bring out its true essence
craftsmanship	exceptional craftspeople have always endeavored to pass on their passion and skills, ensuring that centuries of collective knowledge are transferred into the safekeeping of the next generation
craftsmanship	fashion, apart from being regarding the concept, is also regarding craftsmanship
craftsmanship	for its unique mix of creativity, innovation and industrial potential
craftsmanship	from fabrics to metal forging, accessories to auto design, these artisans are imbuing their crafts with a sense of quality that few other disciplines possess and the results are nothing short of beautiful
craftsmanship	genuine craftsmanship is going to reflect genuine caring
craftsmanship	genuine craftsmanship is going to reflect the genuine caring of our attitude regarding ourselves and our life
craftsmanship	good quality you achieve, so customers don't leave
craftsmanship	he who works with his hands and his head is a craftsman
craftsmanship	hey man, the 77ws are amazing aircrafts from the Singapore fleet, i get that the aircraft is one of our old crafts of our fleet, but it really is an amazing aircraft so i wouldn't want it to be retired so soon and get replaced with the young a350
craftsmanship	his initial work reveals a lot of skill combined with a great deal of craftsmanship out there
craftsmanship	history and love happen to be my inspiration while my passion happens to be responsibility and craftsmanship
craftsmanship	i always have the desire to conducting studies that will help me to develop innovative materials that combine the recent technology as well as craftsmanship
craftsmanship	i always love using fountain pens which represent the craftsmanship as well as an affinity for writing
craftsmanship	i am intentionally communicating through my choice of images, colors, and symbolism
craftsmanship	i can contribute to discussions about criteria for learning goals and am aware that the skills we learn can be applied differently depending on the type of artwork being created
craftsmanship	i can explain and describe how artwork reflects the time period in which it was created and how my artwork expresses meaning for me
craftsmanship	i can identify criteria that would be important in selecting successful artworks for presentation and see the value in refining my artwork to meet these criteria
craftsmanship	i can learn from art history and make my own decisions to show my personal style
craftsmanship	i can learn from my experiences, reflect on peer reviews and collaboration, and revise my process to show good craftsmanship and intentional decision making in my artwork
craftsmanship	i can make choices about my art that contributes to and communicates my personal experiences
craftsmanship	i can make connections to how art is affecting our current society and culture
craftsmanship	i can participate in an art critique using the elements and principles of art to analyze a body of work
craftsmanship	i can recognize and interpret meanings from images and am learning to understand how they influence my world
craftsmanship	i can recognize the value of my work and finish it in a way that can be preserved or displayed
craftsmanship	i can take risks and experiment with my creative process
craftsmanship	i can take risks, grow from peer reviews, collaborate, and revise my process using my knowledge of elements and principles of art to successfully develop my artwork
craftsmanship	i can understand and discuss how art helps people understand, preserve, and impact life
craftsmanship	i can verbally express my interpretation of images used in an artwork
craftsmanship	i design it, and it works or it doesn't work, and i change it
craftsmanship	i do not have any preferred style and treat every single novel with identical imagination and craftsmanship
craftsmanship	i have a 7 yr old daughter been using your products and a patron of it
craftsmanship	i have a mission in my life which is to conserve craftsmanship
craftsmanship	i have been using it for 6 years now !
craftsmanship	i have come to know during the last few years that the craft of songwriting is trying to make it universal
craftsmanship	i have got a conscience regarding my work and try every bit to turn out a proper piece of craftsmanship
craftsmanship	i have it and i really love it ??????
craftsmanship	i prefer craftsmanship although i do not have any affinity for crap
craftsmanship	i think the Japanese are dedicated craftsmen and they have also a good taste of their own
craftsmanship	i was only 6 at the time, but i still remember
craftsmanship	if i am able to assert anything for my pictures, it is definitely particular craftsmanship
craftsmanship	if you have faith in boundless quality and act in the entirety of your business dealings with aggregate respectability, the rest will deal with itself
craftsmanship	if you want quality, act as if you already have it
craftsmanship	if you're willing to work at it, you can rapidly improve the quality of every part of your life
craftsmanship	imagination without skill gives us modern art
craftsmanship	in the ever competitive world, you need to improve the quality of your products to remain in the business
craftsmanship	in the journey of quality, excellence is the destination
craftsmanship	in todays world of mass production, this level of thoughtfulness, detail and skill guided by human touch has become a rare and sought after commodity for those who value true quality
craftsmanship	individuals who have been trained to use their hands skillfully will become good craftsmen in no time at all
craftsmanship	inspiration, without craftsmanship, happens to be only a reed that shakes in the wind
craftsmanship	intricate designs are then etched into the outside surface, giving rise to an artistic juxtaposition as the colored glass shines through the transparent top layer
craftsmanship	it demands a high level of craftsmanship in the long run
craftsmanship	it has to be the fabric of the organization, not part of the fabric
craftsmanship	it is a souvenir of life and history
craftsmanship	it is always the result of intelligent effort
craftsmanship	it is dependably the consequence of wise exertion
craftsmanship	it is easier to criticize than to praise craftsmanship
craftsmanship	it is important to be somewhat compulsive in your craft or art or anything you do
craftsmanship	it is not adequate for you to know your craft
craftsmanship	it is quality as opposed to the amount of issues
craftsmanship	it is quality rather than quantity that matters
craftsmanship	it is simply a matter of genuine
craftsmanship	it is what happens when what you do matches your customers' expectations
craftsmanship	it is what the customer gets out and is willing to pay for
craftsmanship	it is where we laughed, cried, and yelled but most importantly, where we bonded and connected
craftsmanship	it requires a great deal of time, patience, and effort
craftsmanship	it stands for expertise, words, gestures and memories, shaped by centuries of history and cultural heritage
craftsmanship	it was this that gave zest to labor and served to measure the degree of success
craftsmanship	it will be best to develop craftsmanship by means of extensive reading over the years
craftsmanship	it will be possible to develop skills when one is young and therefore one should start learning his craftsmanship from that time only
craftsmanship	it will make a difference to our business, to our clients, and to their customers
craftsmanship	it will show potential clients what you are all about, which is what they care about
craftsmanship	its a fine example of engineering
craftsmanship	its a great product that wont strip your acid mantle, which you need to maintain balance
craftsmanship	just as no two trees have identical patterns in their wood, the craftsmen at Lexus have produced unique designs for the shimamoku wood veneer that graces the interior of their vehicles
craftsmanship	kiriko pieces are traditionally crafted in just one session, from the moment the glass artist takes their engraving tools in hand until the point where they cast a critical eye over the finished item
craftsmanship	let the work speak for itself
craftsmanship	like people, its flaws are what make it interesting
craftsmanship	long popular as a way to enhance living spaces, modern wood artists are thinking outside the box when it comes to veneer, envisaging inspiring new ways to use this versatile material
craftsmanship	love this productreally want the stock of it but it cant be shipped to Spain
craftsmanship	make every last item extraordinary, so our business will be top notch
craftsmanship	make the workmanship outperform the materials
craftsmanship	make the workmanship surpass the materials
craftsmanship	malleable only when molten, the luminous quality of solid glass has long held fascination for the artists who fashion beauty from this medium
craftsmanship	most individuals are taught to read, write, and speak, while only a few of them are taught to paint or draw and this happens to be the genuine elements of craftsmanship when it comes to poetry
craftsmanship	my craftsmanship is extremely limited in nature
craftsmanship	no class is higher as compared to genuine craftsmanship, originality, and diversity
craftsmanship	once any individual starts talking about technique it shows that he is running out of ideas
craftsmanship	one cannot develop taste from what is of average quality but only from the very best
craftsmanship	one of the rarest things that a man ever does, is to do the best he can
craftsmanship	one will be able to learn his craftsmanship when he is young in age since youth happens to be the best time for developing skills
craftsmanship	only after careful contemplation will they then set to work, drawing on their experience to transform the wood to showcase both its practical functionality and its natural beauty
craftsmanship	our company does not perform any advertising; we simply manufacture products which are astounding when it comes to their craftsmanship and design
craftsmanship	our concern is quality not quantity
craftsmanship	our fascination with natural materials and our longing to shape them into new and beautiful forms is almost as old as civilization itself
craftsmanship	our life is quite short while it takes a long time to learn a craft
craftsmanship	our top priority is only quality
craftsmanship	over time, however, the discovery of new materials and development of new techniques gave rise to the use of metal in objects for decoration and adornment, and an evolution to a new type of craftsmanship
craftsmanship	painters, architects, and sculptors are all craftsmen truly speaking
craftsmanship	perfection is achieved not when there is nothing more to add, but when there is nothing more to take away
craftsmanship	performance with quality is powerful combination
craftsmanship	pride in craftsmanship is well explained by saying that to labor is to pray, for conscientious effort to realize an ideal is a kind of fidelity
craftsmanship	pride in ones work carries with it a determination to accept the demands imposed by that work: in the case of philosophy to follow the argument where it leads, in the case of history to discover what actually happened, in the case of literature to explore to its depths a particular theme
craftsmanship	pride in working with their hands
craftsmanship	quality and assurance can grant excellence
craftsmanship	quality begins with the intent, which is fixed by management
craftsmanship	quality comes when you love your job
craftsmanship	quality does not only begin with a letter q , it must be followed by u
craftsmanship	quality is a characteristics that we appreciate
craftsmanship	quality is a reflection of you
craftsmanship	quality is a trait that we appreciate
craftsmanship	quality is hard to describe, but we know it when we see it, and we definitely notice when something is not up to par
craftsmanship	quality is in its essence a way of managing the organization
craftsmanship	quality is more important than quantity
craftsmanship	quality is never an accident; it is always the result of high intention, sincere effort, intelligent direction and skillful execution; it represents the wise choice of many alternatives
craftsmanship	quality is not an accident and is an outcome of sensible effort
craftsmanship	quality is not an accident and it happens to be the sensible choice of a lot of opportunities plus the experience of a lot of masters of craftsmanship
craftsmanship	quality is not an act, it is a habit
craftsmanship	quality is not expensive, its priceless
craftsmanship	quality is the best business plan
craftsmanship	quality is the outcome of sincere effort, high intention, sensible direction, and skillful execution
craftsmanship	quality makes no sense without u and i
craftsmanship	quality means building the customers point of view into every aspect of a product from design to final recycling
craftsmanship	quality means doing it right when no one is looking
craftsmanship	quality only happens when you care enough to do your best
craftsmanship	quality work is never an accident
craftsmanship	quality, comfort & peace of mind
craftsmanship	quality; it puts the good stuff on top
craftsmanship	quantity has a quality all its own
craftsmanship	she is the untouched piece of art
craftsmanship	simplicity carried to an extreme becomes elegance
craftsmanship	{@craftsmanshipskill in an occupation} or trade
craftsmanship	start with quality, destination will be excellence
craftsmanship	that which is beautiful is increasingly difficult to come by in a world where a premium is placed on speed, and things are made to be disposable
craftsmanship	thats so true they did it with me twice and it was an essential travel
craftsmanship	that's the best kind of advertising
craftsmanship	the beauty of a finely worked object points to the beauty of the craftsmanship
craftsmanship	the best craftsmanship is going to leave lots of gaps and holes
craftsmanship	the brands ability to anticipate trends, as well as its expertise in taste evolution, shapes furniture collections with a contemporary design, for extraordinary quality
craftsmanship	the brands of our company have the beauty to observe and also perpetuate
craftsmanship	the brands pieces are timeless icons, long sellers and {@craftsmanshipcontemporary} bestsellers made of the best full-grained leather in Europe
craftsmanship	the craftsman of {@craftsmanshipold time} did not hurry, because the perfect takes no account of time and shoddy work is a reproach to character
craftsmanship	the difference between an artist and a craftsman is that a craftsman is interested in his or her tools and an artist disdains them
craftsmanship	the elegance of a finely sculpted object points to the natural beauty of its craftsmanship
craftsmanship	the essence of quality inside you
craftsmanship	the exceptional craftsman sees the form hidden within the wood
craftsmanship	the focus of {@craftsmanshipquality control} is to ensure that the product and product manufacturing are not only {@craftsmanshipconsistent} but also in line with customer requirements
craftsmanship	the main problem with this world happens to be the fact that nobody tries to take any care
craftsmanship	the presence of quality makes you extraordinary
craftsmanship	the {@craftsmanshipquality} that distinguishes love without knowledge
craftsmanship	the question of what you want to own is actually the question of how you want to live your life
craftsmanship	the real beauty of a finely sculpted object happens to be its beauty of craftsmanship
craftsmanship	the relentless pursuit of {@craftsmanshipperfection}
craftsmanship	the skill or vocation of a craftsman; the state of being a craftsman; mechanical {@craftsmanshipworkmanship}
craftsmanship	the term craftsmanship refers to skill without any sort of imagination whatsoever
craftsmanship	the title of master craftsman is not one lightly bestowed
craftsmanship	the wood artisan appraises their material in its original state, running their finger over the grain as they contemplate the task ahead
craftsmanship	the world has changed from quality to quantity, and so have we
craftsmanship	there happens to be no such thing as inspiration
craftsmanship	there is a difference between expressing ones self in form and producing quantity for a market with an eye to speculation
craftsmanship	there is a lot of craftsmanship involved while having a good product and having a good idea
craftsmanship	there is a significant and noticeable difference between cheap, mass-produced products, and handcrafted, carefully detailed ones
craftsmanship	there's a construction and a craftsmanship to her sentences that's imbued with so much emotion
craftsmanship	theres very little in the world that takes my breath away quite like an object that was lovingly crafted, built with care and passion, and presented with the sort of pride that befits a marvelously well-made item
craftsmanship	these artists maintain an uncompromising {@craftsmanshipcommitment to excellence}, producing works that transcend functionality to be appreciated for their beauty and emotional power
craftsmanship	they are built well, and built to last
craftsmanship	they draw characters and put life in it
craftsmanship	they make the best stuff
craftsmanship	they're so well made, with the most {@craftsmanshipbeautiful craftsmanship}
craftsmanship	things of quality have no dread of time
craftsmanship	things of quality have no fear of time
craftsmanship	think, quality only happens when you care enough to do your best!
craftsmanship	this business will sink in the hole, if we don't make quality our goal
craftsmanship	this gives them a good {@craftsmanshipreputation} and makes their customers happy and satisfied
craftsmanship	this made me contacted him because i was also diagnosed of herpes virus, when i contacted him, without wasting time, he started his miraculous work in my life, i am happy and glad to say that i am now cured after using his herbal medicine
craftsmanship	those occupations and those aptitudes that yield good returns in terms of price are reputed valuable and commendable, the accepted test of success, and even of serviceability, being the gains acquired
craftsmanship	through {@craftsmanshipunique artworks} such as these and the design features in the Lexus ls, we can see the blurring of boundaries between form and function, revealing the pinnacle of artistry in exceptional craftsmanship
craftsmanship	time has no impact over quality
craftsmanship	{@craftsmanshiptimeless} products with a fine regard for detail
craftsmanship	to beat your competition, make good quality your mission
craftsmanship	to me, the function and duty of a quality human being is the sincere and honest development of one's potential
craftsmanship	to the extent that the concept obtained, there was a teleology in work, since the laborer toiled not merely to win sustenance but to see this ideal embodied in his creation
craftsmanship	today, that craft is evolving again, and experts of decorative metalwork are using digital technology to create a degree of accuracy and precision that our forebears could not have imagined in their wildest dreams, yet continue to add their own sensual touch to their craftsmanship
craftsmanship	traditionally, craftsmen developed their {@craftsmanshipskills} through apprenticeship to those masters of the craft who came before them
craftsmanship	we don't do marketing; we just create products which are exceptional in their design and craftsmanship
craftsmanship	we have obtained a tradition of aesthetics, craftsmanship, identity, and taste
craftsmanship	we made {@craftsmanshippassion} our raw material
craftsmanship	we recognize craftsmanship in an objects functionality
craftsmanship	we recognize craftsmanship in the attention to the little details
craftsmanship	we serve with best quality and service
craftsmanship	we stand apart from the other competitors on the market because of our exclusive combo of good craftsmanship and skills
craftsmanship	what is important is the quality of our work
craftsmanship	when a finished piece expresses our creativity, either through the natural beauty of the wood, the design or the marks of shaping left by the human hand, it sends a message
craftsmanship	when a mans home is born out of his heart and developed through his labor and perfected through his sense of beauty, it is the very cornerstone of life
craftsmanship	where quality is the thing sought after, the thing of supreme quality is cheap, whatever the price one has to pay for it
craftsmanship	while a laborer is going to work using his hands, a craftsman is going to use his hands as well as his head
craftsmanship	while it encompasses, there is also the essence of supreme dedication to ones chosen craft
craftsmanship	without craftsmanship, inspiration is a mere reed shaken in the wind
craftsmanship	workmanship comes to be confused with salesmanship, until tact, effrontery and prevarication have come to serve as a standard of efficiency, and unearned gain is accepted as the measure of productiveness
craftsmanship	you and your critics have the same goal: a quality product
craftsmanship	you can see that its handmade, and you can feel the difference
craftsmanship	you realize how much more there is to know and to learn, and how much better you can get, if you really work at it
aesthetic	it’s just a shame that their customer service is the worst in the aviation industry
aesthetic	spf technology to protect skin against uv rays
aesthetic	a dreamy cloud, 3 inches thick
aesthetic	a mellow sunset is like good wine and french summer
aesthetic	a photo at the pumpkin patch, a candid in a pile of leaves and a shot in apple orchard, all is what captured during fall
aesthetic	a picture is a poem without words Horace
aesthetic	a real sunset is an explosion behind a mountain silhouette
aesthetic	a sunset is the suns fiery kiss to the night
aesthetic	a sunset should never go unnoticed
aesthetic	after every sunset comes a new sunrise followed by breakfast
aesthetic	ah, summer, what power you have to make us suffer and like it
aesthetic	all i need are palm trees and a cool breeze
aesthetic	all my love and affection from Italy ????
aesthetic	all my love and affection from Italy
aesthetic	all my troubles wash away in the water
aesthetic	all the beautiful things are around you
aesthetic	all you need is ice cream
aesthetic	all your lipsticks are sooo nice and stunning and for sure this one will be too????
aesthetic	alpaca fiber is so sumptuous and soft it was once reserved for Inca royalty
aesthetic	alpaca is an amazingly soft, luxurious, and silky natural fiber
aesthetic	alpaca is softer than silk, rarer than cashmere and warmer than wool
aesthetic	also can apply vaseline i do that and if touches the skin i remove it with waterproof make up remover and it removes it for me ??
aesthetic	although this is an oil based serum, it soaks in super fast and just leaves your skin baby soft
aesthetic	an industry-defining work that's aesthetically and editorially beautiful, and celebrates a simple fact: badass women can love cannabis
aesthetic	an ocean breeze puts the mind at ease
aesthetic	and for any brown skinned person brightening their skin with a product called white perfect, i feel like the clue is in the name
aesthetic	and love how it gently cleanses my skin
aesthetic	and pictures of activities with a perfect summer instagram caption add extra sunshine to the summer days
aesthetic	art is not what you see but what you make others see
aesthetic	as a little girl, i grew up on a farm surrounded by nature, foraging, raising animals and hanging out in tree stands while my dad hunted, but had since lost touch
aesthetic	autumn carries more gold in its pocket than all the other seasons
aesthetic	autumn is a second spring when every leaf is a flower
aesthetic	autumn shows us how beautiful it is to let things go
aesthetic	beautiful things don't ask for attention
aesthetic	beauty awakens the soul to act
aesthetic	beauty is in the eye of the beer holder
aesthetic	because i was looking for a very luxe product that would really show me results, and so i consulted one of my favorite skincare gurus,
aesthetic	beyond the sundown is tomorrows wisdom, today is going to be long, long ago
aesthetic	blooming flowers and lush greenery turns into golden hues and no fall lover cant control to capture so much of beauty
aesthetic	born to chase oranges, yellows, and blues
aesthetic	but sometimes it can be struggling when you are thinking of the perfect
aesthetic	can also make other people sunset lovers
aesthetic	can you tag which shades they are please?
aesthetic	cant get away from the fact that they're still trying to whiten their skin
aesthetic	cause a little bit of summer is what the whole year is all about
aesthetic	city lights got nothin on country nights
aesthetic	close your eyes and picture yourself here
aesthetic	clouds come floating into my life, no longer to carry rain or usher storm but to add color to my sunset sky
aesthetic	clouds on clouds, in volumes, driven, curtain around the vault of heaven
aesthetic	colors are the smiles of nature
aesthetic	come on, its lovely weather for a sleigh ride together with you
aesthetic	connect and collaboratively curate the culture of cannabis through immersive purpose driven experiences that elevate brands and thought leaders with integrity while connecting them to consumers and those who are curious
aesthetic	cool aesthetic captions for instagram make your cool shots even cuter
aesthetic	dark clouds become heavens flowers when kissed by light
aesthetic	darling I'm a nightmare dressed like a daydream
aesthetic	deep in their roots, all flowers keep the light
aesthetic	difficult roads often lead to beautiful destinations
aesthetic	doesn't matter if its diamonds or twine, i'll be wrapped around your finger
aesthetic	dreams r made of sand & sun
aesthetic	early sunsets, warm tea, messy hair, warm sweaters
aesthetic	even the sun sets in paradise
aesthetic	every flower is a soul blossoming in nature
aesthetic	every leaf speaks bliss to me
aesthetic	every sunset brings the promise of a new dawn
aesthetic	every sunset is an opportunity to reset
aesthetic	every sunset is an opportunity to restart your life
aesthetic	everything gets hotter when the sun goes down
aesthetic	fall is that beautiful moment between sweat and hypothermia
aesthetic	fall is the most photogenic time of the year, yellow and orange colors of leaves double the beauty of pictures clicked by tree side
aesthetic	fall is the perfect time of year to spice things up
aesthetic	fall so hard mother pumpkins wanna spice me
aesthetic	falling in love with these colors
aesthetic	falling snow brings a peace like no other I've ever known
aesthetic	feeling cute, might carve some pumpkins later
aesthetic	fell in love with your vibe
aesthetic	few mattresses and pillows qualify for this gold standard
aesthetic	flower child, you are about to bloom
aesthetic	foam is white and waves are grey beyond the sunset leads my way
aesthetic	from morning sunshine selfie to evening sunset and late night camping, there is a lot magical that happens during summer days
aesthetic	from pretty leaves to pumpkin patches and apple orchard, there are so many moments when people love to click pictures, so people don't waste even a single minute coming up with the fall instagram caption
aesthetic	girls just want to have sun
aesthetic	give me the beat boys and free my soul
aesthetic	good vibes happen on the tides
aesthetic	great things do not come with comfort zones
aesthetic	green is my favorite color of nature
aesthetic	had to open my mind, then i opened opinions
aesthetic	hair color experts are here to give you their best tips and tricks to help you achieve your dream hair color!
aesthetic	happiness is a hot drink on a cold day
aesthetic	happiness is a summer breeze, sand between your toes, and your best friend by your side
aesthetic	happiness is sun, sand and a drink in my hand
aesthetic	happiness is the first tracks on fresh snow
aesthetic	happiness is the sun setting over a beach
aesthetic	her heart was made of liquid sunsets
aesthetic	hey summer, I'm waiting for you
aesthetic	hit a home run with the sun
aesthetic	home is where the ocean is
aesthetic	horses make a landscape look beautiful
aesthetic	hot chocolate is like a hug from the inside
aesthetic	i ain't got a lotta money but i got a lotta style
aesthetic	i am from India
aesthetic	i can already smell the summer
aesthetic	i can identify artwork that appeals to me through my understanding of aesthetics and how they affect our world
aesthetic	i climb mountains so i can see where the sun sleeps
aesthetic	i could never in a hundred summers get tired of this
aesthetic	i didn't even mention that the earthy scent helps so much to calm me right before bed
aesthetic	i do not like to smile without reason
aesthetic	i dream of a never-ending summer
aesthetic	i dream of summers that last forever
aesthetic	i find my happiness where the sun shines
aesthetic	i followed my heart and it led me to the beach
aesthetic	i found my happy place it's you
aesthetic	i got a sample of thisi love it
aesthetic	i have never met a pumpkin i didn't like
aesthetic	i haven't been wearing any face makeup well maybe a little under eye concealer but my eyes are always done!!!!
aesthetic	i hope you never lose your sense of wonder
aesthetic	i know i should crumble for better reasons but have you seen that boy he brings the sun to its knees every night
aesthetic	i let you see the parts of me
aesthetic	i love this oil, it is perfect!
aesthetic	i love you more than money
aesthetic	i love you more than pumpkin pie
aesthetic	i swear this life is like the sweetest thing I've ever known
aesthetic	i wish my eyes could take photos
aesthetic	i woke up this morning, smiled at the rising sun
aesthetic	if i could lick the sunset, i'll bet it would taste like Neapolitan ice cream
aesthetic	if life is a journey, the beach is my destination
aesthetic	if the skies fall, one may hope to catch larks
aesthetic	if you are willing to do something that might not work, you're closer to being an artist
aesthetic	if you foolishly ignore beauty, you will soon find yourself without it
aesthetic	if you truly love nature, you will find beauty everywhere
aesthetic	if you're looking for beauty, you'll find it in nature
aesthetic	if you're not ready to show the world your greys,
aesthetic	I'm a better person when I'm tan
aesthetic	I'm as simple as quantum physics
aesthetic	I'm gonna live like tomorrow doesn't exist
aesthetic	I'm no beauty queen, I'm just beautiful me
aesthetic	I'm the cutest pumpkin in the patch
aesthetic	in a nutshell, everybody loves to take perfect pictures that define nature and its beauty
aesthetic	in addition to creating products that give you noticeable results, we also create our products with personal rejuvenation and a little indulgence in mind
aesthetic	instantly, skin is hydrated, firmer and appears more even
aesthetic	it helps keep you cool when its warm and warm when its cool
aesthetic	it is almost impossible to watch a sunset and not dream
aesthetic	it is not only an airplane but it makes me feel heaven, i feel so comfortable????well done my best airline, i hope to do it again one day
aesthetic	it literally revolutionized my haircare routine?? i'm soo in love with it??i can't go without it??
aesthetic	it respectfully cares for your hair thanks to its triple care regime
aesthetic	it was sunsets that taught me that beauty sometimes only lasts for a couple of moments, and it was sunrises that showed me that all it takes is patience to experience it all over again
aesthetic	it will keep on being beautiful, even if no one bothers to look at it
aesthetic	it's a beautiful day to go outside and remind myself why i stay inside
aesthetic	its breathable both warm and cool when you need it
aesthetic	joy in looking and comprehending is natures most beautiful gift
aesthetic	just another ex love, you don't wanna see
aesthetic	keep calm and catch the sun
aesthetic	keep calm and lay in the sun
aesthetic	keep smiling you know the sun is shining
aesthetic	keep your love of nature, for that, is the true way to understand art more and more
aesthetic	knowing that everything we put on our skin quickly absorbs into our bodies, we ethically source the finest raw natural materials the earth has to offer
aesthetic	knows a thing or two about impeccable design just look at her
aesthetic	let us dance in the sun, wearing wild flowers in our hair
aesthetic	let's find some beautiful place to get lost
aesthetic	let's go somewhere the sun kisses the ocean
aesthetic	love affection Italy
aesthetic	love the feel on my skin
aesthetic	make every mermaid hair flip count this summer and every summer
aesthetic	make you wanna move your dancing feet
aesthetic	make your makeup last as long as you! ?
aesthetic	mans heart away from nature becomes hard
aesthetic	many things in life can wait, but the sunset wont, watch it
aesthetic	meet me where the sky touches the sea
aesthetic	mother nature doesn't need a filter
aesthetic	mother nature doesn't set out to be beautiful
aesthetic	mother nature has the best set of crayons
aesthetic	nature always wears the colors of the spirit
aesthetic	nature never goes out of style
aesthetic	no filter needed for this sunset
aesthetic	not so perfect but so beautiful
aesthetic	now thats some orange you could ride a horse into
aesthetic	on earth there is no heaven, but there are pieces of it
aesthetic	on my 30's , in general i do not have much wrinkles, only lines under eyes , and needed skin elasticity so they recommended for me lately Loreal collagen , am 34y
aesthetic	one must have sunshine, freedom, and a little flower
aesthetic	one touch of nature makes the whole world kin
aesthetic	overall the theme is gentle and colorful
aesthetic	paint with all the colors of fall
aesthetic	paradise doesn't have to be tropical
aesthetic	people will stare, make it worth their while
aesthetic	purple with hues of orange is my favorite color for a sunset
aesthetic	reading while sunbathing makes you well-red
aesthetic	responsibly and ethically sourced from India, this durable textile is stitched in a diamond pattern to elegantly finish our alpaca topper, as well as used as a cotton canvas base
aesthetic	Revitalift laser x3 spf 20 day care fights 100% of aging signs whilst providing you with an spf protection to shield your skin against uv rays responsible for 80% of visible skin aging
aesthetic	she could still see the sunset, even on those darkest days
aesthetic	should i believe my heart or you?
aesthetic	should you shield the canyons from the windstorms you would never see the true beauty of their carvings
aesthetic	sky above, earth below, and peace within
aesthetic	so that will be better
aesthetic	sun-kissed skin, so hot, well melt your popsicle!
aesthetic	super moisturizing and just gives a little coverage to make everything look better!
aesthetic	surrounded by beauty, as far as sight goes
aesthetic	sweet like candy to my soul, sweet you rock and sweet you roll
aesthetic	tend to wear the neutrals more often then the bold shades we have but i just had on one of the reds (
aesthetic	that has a magical glow to it
aesthetic	the alpaca wool plush mattress topper is the perfect complement to add luxuriously soft, comfortable support to your mattress
aesthetic	the avocado green alpaca wool plush mattress topper is made with the finest natural and organic materials, including
aesthetic	the brightest day of the week is Sunday
aesthetic	the color of springtime is flowers the color of winter is in our imagination
aesthetic	the earth has music for those who listen
aesthetic	the first stab of love is like a sunset, a blaze of color oranges, pearly pinks, vibrant purples
aesthetic	the first winter snow is always so magical
aesthetic	the flow of the stitches on the miceâ€™s fur makes it look like real fur
aesthetic	the greatest loss is what dies inside while still alive
aesthetic	the most beautiful sunsets are the ones we share
aesthetic	the plush topper design adds softness and luxury to your bed
aesthetic	the red crimson clover is in full and beautiful bloom
aesthetic	the rest of the world was in black and white, but we were in screaming color
aesthetic	the shoreline at sunset is simply beautiful
aesthetic	the sky broke like an egg into full sunset and the water caught fire
aesthetic	the smudge-proof formula comes in a deep rich black color from plant derived pigments of eclipta daisy, cranberry, turmeric, basil & henna
aesthetic	the snow is sparkling like a million little suns
aesthetic	the sound of nature is very sweet
aesthetic	the sound of the rain needs no translation
aesthetic	the summer night is like a perfection of thought
aesthetic	the sun always shines after the storm
aesthetic	the sun has gone to bed and so must i sound of music
aesthetic	the sun is alone but it still shines
aesthetic	the sun loved the moon so much that he died every night just to let her breath
aesthetic	the sunset, of course, doesn't care if we watch it or not
aesthetic	the world changes when it snows
aesthetic	there are so many luxury products out there and often times the results are very lack luster
aesthetic	there is no exquisite beauty without some strangeness in the proportion
aesthetic	there is nothing more musical than a sunset
aesthetic	theres always been a rainbow hangin over your head
aesthetic	theres no such thing as too much sparkle on new years eve
aesthetic	these beautiful nocturnal flowers that are most active at night are used in juice beautys stem cellular collection and focused on the stem cellula
aesthetic	they are so natural and well balanced you can shut your eyes and literally visualize the field of flowers and the individual essence which is a healing and spirit lifting experience in itself
aesthetic	this actually sounds amazing right now
aesthetic	this is an unwanted work of art
aesthetic	to the nights we dream about all winter long
aesthetic	today, we love cotton candy sunsets
aesthetic	tried it, it makes my hair lovely ????
aesthetic	true beauty cant shine through makeup
aesthetic	turn your face to the sun and the shadows fall behind you
aesthetic	wait till the sunset to shine like a star
aesthetic	warm tea, good books, soft pillows, fine company
aesthetic	watching sunset gives peace to mind and soul
aesthetic	we all see the same sunset
aesthetic	we are like a snowflake all different in our own beautiful way
aesthetic	went from a dime to a quarter
aesthetic	you are the sun to my shine
aesthetic	you cannot see love with eyes
aesthetic	you have to be the only one we notice
aesthetic	you make me smile like the sun
aesthetic	your lovely grays will be there when you are ready to welcome them :)
aesthetic	you're the cutest apple in the orchard
aesthetic	you're the only one i notice
none	This is a sample sentence
